{"OgIplKkxUidgp0IQKg3n2w==":"mbr-163x97.jpg","aGjj/ZcPI535czaKAUTq7A==":"mbr-163x97.jpeg","O5CnFUfD05XvTJCEXjQGgg==":"mbr-1-163x97.jpeg","qY9g1aiohUWJ/al6P35ZKA==":"logo2.png","NJ593Emg0ySrpZnIAg5SrQ==":"logo.png","QzzeR2zIDNbOfc75vBdV0w==":"01.jpg","4MDnEp0J72YUVlMF8kqHWg==":"meeting%202-1920x1080.png","8OszkYlvxVWrRk678K63LQ==":"meeting%202-1920x1080.png","MSv3xjJrXWMwS2CKmSPg9A==":"logo-156x88.jpeg","qwZCtrILZHF22HoAVwT9nA==":"logo-1-156x88.jpeg","B43AfcGwdO+oX4NjPjGftg==":"logo-2-156x88.jpeg","8qoECIEY4oGXE5kosKOEtw==":"mbr-1289x824.jpg","uii9Kf1gChz6bK36VE9iJg==":"mbr-1289x861.jpg","HhYX6HW/vg1GEJAr0VcSXg==":"logo-264x110.png","timCq0d3eZkpyxkCY9+5Eg==":"mbr-1036x691.jpg","oAl7G/qQDJwtWzRaDBMhWA==":"mbr-1920x1280.jpg","4OQnmgodRKVrojHAxBgtjw==":"mbr-1-1920x1280.jpg","FGT1oCoQOP/HQCA3+PkCWA==":"mbr-2-1920x1280.jpg","23zrcp4KWDiCuSCmuEdcyA==":"mbr-1289x888.jpg","YERHfSHel+J4HwicMuf/GA==":"mbr-1289x861.jpeg","G0mPTLj0gcWEHd5k2M4PAw==":"mbr-649x433.jpg","d/IfLXcvlCPEIjh9gksdgQ==":"mbr-1-649x433.jpg","PgdSWyFd+TIaqvNklgFuIg==":"mbr-2-649x433.jpg","hJaH8y+UjDEZAasnmia1vw==":"mbr-649x649.jpg","npz1EopdtOxuEHUYPFtDuA==":"mbr-1920x1460.jpg","tNa66TPsl6XyKfnZOmGZ6A==":"chefs%20background%201-1289x725.png","iUZ0XPx18/oKPcN1/ZTAYQ==":"chefs%20background%202-1031x580.png","zSNO/zdLaVh/6YNTMRN/3A==":"chefs%20background%203-719x404.png","sFrE9/tTHSh0A0Djmjzlgg==":"chefs%20background%204-719x404.png","aVw2IQE/afjuAkMYYZFzXw==":"chefs%20background%201-1289x725.png","oR4qr/Ng6DBmBnMuz0Qt/Q==":"mbr-1278x852.jpg","tnv3HMQkHRfuO9YS5TvrOg==":"mbr-1-1278x852.jpg","SDCtFalqeb+vOfkKqZlm0Q==":"02.jpg","wkzws15xOSZmW51PgW4OnQ==":"mbr-136x90.jpg","aAFlrgdC/Uprszu4InccNA==":"mbr-136x91.jpg","mnS9ZwfzWMhlJVRJcKvJ1w==":"mbr-136x102.jpg","r7uwTP17hsxCBA0w9L63xA==":"mbr-1-1920x1280.jpg","VbVlsmc1xJb0rMA2ZOsyrg==":"01.jpg","XqStexa3ucYeWEdbgE9USg==":"background1.jpg","dISt9CUy8YmSML/Ii8T1gg==":"mbr-815x596.jpg","4jWPTMGn43vLAAH4xxKtow==":"mbr-815x376.jpg","CljuNUE+Bc3eHRX76tX/zA==":"mbr-662x441.jpg","Yu6K/UB41iaGVpL7F//abg==":"mbr-840x560.jpg","yz4O3rWE8zr7y2SeiEOwNw==":"mbr-1278x852.jpg","is0mV05yqNyE9zw5fy0Q/w==":"mbr-1000x563.jpg","uXPzU9xOE8uZm8SnaA1m7A==":"mbr-1000x667.jpg","MpcGQjMpUmEHnDj5iWg7QQ==":"mbr-1-1000x667.jpg","qiXbETWeB6xVgUC3K8Lx+w==":"mbr-2-1000x667.jpg","09FAxrzqjREuqaRzQ9mbMA==":"mbr-3-1000x667.jpg","53/O1cpcIoNMmjRcJzR3Hw==":"background1-1.jpg","oRykAiO0rUD++7AmPeEwUg==":"background1-2.jpg"}